as_of_date,public_date,trade_date,report_type,common_sector,holding_count,raw_industry_count,total_market_value_usd,portfolio_weight_usd,avg_ownership_pct,avg_voting_pct
2017-12-31,2018-02-27,2018-02-28,annual,Communication Services,138,1,19644390960.000000,0.02828600,1.00353900,0.98361700
2017-12-31,2018-02-27,2018-02-28,annual,Consumer Discretionary,1207,1,69943522920.000000,0.10071100,1.12281100,1.07301300
2017-12-31,2018-02-27,2018-02-28,annual,Consumer Staples,1221,1,93557029288.000000,0.13471200,1.12299700,1.09483200
2017-12-31,2018-02-27,2018-02-28,annual,Energy,346,1,38691368150.000000,0.05571100,1.11703700,1.10874100
2017-12-31,2018-02-27,2018-02-28,annual,Financials,1828,1,169108581398.000000,0.24349800,1.12118700,1.09569600
2017-12-31,2018-02-27,2018-02-28,annual,Health Care,684,1,67753297631.000000,0.09755700,1.07431800,1.02965300
2017-12-31,2018-02-27,2018-02-28,annual,Industrials,1986,1,99009693841.000000,0.14256300,1.27022200,1.24183900
2017-12-31,2018-02-27,2018-02-28,annual,Materials,664,1,41403620678.000000,0.05961700,1.24075000,1.20815300
2017-12-31,2018-02-27,2018-02-28,annual,Technology,777,1,77337337221.000000,0.11135700,1.20877100,1.19221700
2017-12-31,2018-02-27,2018-02-28,annual,Utilities,255,1,18047446393.000000,0.02598600,0.99622000,0.95020400
2018-12-31,2019-02-27,2019-02-28,annual,Communication Services,130,1,18863695500.000000,0.02981400,0.99046200,0.96592300
2018-12-31,2019-02-27,2019-02-28,annual,Consumer Discretionary,1204,1,68102355456.000000,0.10763600,1.15796500,1.11848800
2018-12-31,2019-02-27,2019-02-28,annual,Consumer Staples,1215,1,75499787228.000000,0.11932700,1.11753100,1.09652700
2018-12-31,2019-02-27,2019-02-28,annual,Energy,341,1,37042385236.000000,0.05854500,1.06228700,1.04953100
2018-12-31,2019-02-27,2019-02-28,annual,Financials,1859,1,150026579257.000000,0.23711700,1.16164100,1.13972600
2018-12-31,2019-02-27,2019-02-28,annual,Health Care,723,1,72391320733.000000,0.11441400,1.10080200,1.07247600
2018-12-31,2019-02-27,2019-02-28,annual,Industrials,1966,1,81851272687.000000,0.12936600,1.26092100,1.23590500
2018-12-31,2019-02-27,2019-02-28,annual,Materials,658,1,31330264062.000000,0.04951700,1.24094200,1.22497000
2018-12-31,2019-02-27,2019-02-28,annual,Technology,809,1,79665842087.000000,0.12591200,1.21278100,1.18815800
2018-12-31,2019-02-27,2019-02-28,annual,Utilities,252,1,17938598724.000000,0.02835200,0.93373000,0.89127000
2019-12-31,2020-02-25,2020-02-26,annual,Communication Services,138,1,22120001939.000000,0.02717400,1.08688400,1.05565200
2019-12-31,2020-02-25,2020-02-26,annual,Consumer Discretionary,1193,1,86904166358.000000,0.10676100,1.16496200,1.13134100
2019-12-31,2020-02-25,2020-02-26,annual,Consumer Staples,1201,1,93625001178.000000,0.11501700,1.12174000,1.09657800
2019-12-31,2020-02-25,2020-02-26,annual,Energy,311,1,40680672764.000000,0.04997600,1.07607700,1.06366600
2019-12-31,2020-02-25,2020-02-26,annual,Financials,1882,1,192099861794.000000,0.23599200,1.21508500,1.19946300
2019-12-31,2020-02-25,2020-02-26,annual,Health Care,749,1,92027312458.000000,0.11305400,1.13570100,1.10885200
2019-12-31,2020-02-25,2020-02-26,annual,Industrials,1943,1,108908415452.000000,0.13379200,1.28797700,1.25971700
2019-12-31,2020-02-25,2020-02-26,annual,Materials,665,1,36143115468.000000,0.04440100,1.18804500,1.17180500
2019-12-31,2020-02-25,2020-02-26,annual,Technology,862,1,118366344443.000000,0.14541100,1.18387500,1.15182100
2019-12-31,2020-02-25,2020-02-26,annual,Utilities,258,1,23135199520.000000,0.02842100,0.93228700,0.88821700
2020-12-31,2021-02-25,2021-02-26,annual,Communication Services,136,1,22473256381.000000,0.02413500,1.08455900,1.04441200
2020-12-31,2021-02-25,2021-02-26,annual,Consumer Discretionary,1158,1,106349270005.000000,0.11421400,1.05933500,1.02516400
2020-12-31,2021-02-25,2021-02-26,annual,Consumer Staples,1151,1,111423712887.000000,0.11966400,1.07685500,1.04576000
2020-12-31,2021-02-25,2021-02-26,annual,Energy,225,1,27636369918.000000,0.02968000,0.98391100,0.97084400
2020-12-31,2021-02-25,2021-02-26,annual,Financials,1894,1,188866407802.000000,0.20283300,1.20960900,1.19153600
2020-12-31,2021-02-25,2021-02-26,annual,Health Care,856,1,108350088040.000000,0.11636300,1.04477800,1.01816600
2020-12-31,2021-02-25,2021-02-26,annual,Industrials,1915,1,128096810337.000000,0.13757000,1.24697100,1.21863200
2020-12-31,2021-02-25,2021-02-26,annual,Materials,634,1,41287842558.000000,0.04434100,1.15921100,1.14312300
2020-12-31,2021-02-25,2021-02-26,annual,Technology,909,1,172097205496.000000,0.18482400,1.10261800,1.07053900
2020-12-31,2021-02-25,2021-02-26,annual,Utilities,245,1,24560320124.000000,0.02637700,0.87604100,0.84534700
2021-12-31,2022-03-03,2022-03-04,annual,Communication Services,260,1,31964601037.000000,0.03167900,0.92476900,0.89626900
2021-12-31,2022-03-03,2022-03-04,annual,Consumer Discretionary,1636,1,146556780800.000000,0.14524700,0.90388100,0.87450500
2021-12-31,2022-03-03,2022-03-04,annual,Consumer Staples,595,1,60319642918.000000,0.05978000,0.87934500,0.84747900
2021-12-31,2022-03-03,2022-03-04,annual,Energy,208,1,37600287781.000000,0.03726400,0.90980800,0.90774000
2021-12-31,2022-03-03,2022-03-04,annual,Financials,1166,1,144645065977.000000,0.14335200,0.96288200,0.94345600
2021-12-31,2022-03-03,2022-03-04,annual,Health Care,943,1,114876671451.000000,0.11385000,0.88319200,0.85818700
2021-12-31,2022-03-03,2022-03-04,annual,Industrials,1766,1,134944417650.000000,0.13373800,1.04019300,1.01207200
2021-12-31,2022-03-03,2022-03-04,annual,Materials,679,1,44241127365.000000,0.04384600,0.97299000,0.95518400
2021-12-31,2022-03-03,2022-03-04,annual,Real Estate,693,1,63346276513.000000,0.06278000,1.27997100,1.27216500
2021-12-31,2022-03-03,2022-03-04,annual,Technology,1107,1,206677255125.000000,0.20482900,0.94879900,0.92489600
2021-12-31,2022-03-03,2022-03-04,annual,Utilities,285,1,23848930036.000000,0.02363600,0.77593000,0.75649100
2022-12-31,2023-03-07,2023-03-08,annual,Communication Services,246,1,26895798678.000000,0.03088100,1.00552800,0.97199200
2022-12-31,2023-03-07,2023-03-08,annual,Consumer Discretionary,1625,1,116715157674.000000,0.13400700,0.97012300,0.93690500
2022-12-31,2023-03-07,2023-03-08,annual,Consumer Staples,586,1,57719475959.000000,0.06627100,0.92730400,0.89319100
2022-12-31,2023-03-07,2023-03-08,annual,Energy,213,1,38348863416.000000,0.04403100,0.90169000,0.89145500
2022-12-31,2023-03-07,2023-03-08,annual,Financials,1110,1,138991212672.000000,0.15958400,1.02389200,0.99991900
2022-12-31,2023-03-07,2023-03-08,annual,Health Care,898,1,112027042947.000000,0.12862500,1.01105800,0.98272800
2022-12-31,2023-03-07,2023-03-08,annual,Industrials,1746,1,115736652143.000000,0.13288400,1.11254900,1.08124900
2022-12-31,2023-03-07,2023-03-08,annual,Materials,722,1,38661340278.000000,0.04438900,1.02005500,0.99883700
2022-12-31,2023-03-07,2023-03-08,annual,Real Estate,682,1,48473562724.000000,0.05565500,1.33074800,1.32077700
2022-12-31,2023-03-07,2023-03-08,annual,Technology,1121,1,153829640783.000000,0.17662100,1.04944700,1.02127600
2022-12-31,2023-03-07,2023-03-08,annual,Utilities,279,1,23562523421.000000,0.02705300,0.86702500,0.85258100
2023-12-31,2024-02-27,2024-02-28,annual,Communication Services,227,1,36569993943.000000,0.03323100,1.01048500,0.99299600
2023-12-31,2024-02-27,2024-02-28,annual,Consumer Discretionary,1539,1,155271478926.000000,0.14109200,1.00159800,0.96461300
2023-12-31,2024-02-27,2024-02-28,annual,Consumer Staples,578,1,61463229438.000000,0.05585100,0.92077900,0.90328700
2023-12-31,2024-02-27,2024-02-28,annual,Energy,220,1,41058704248.000000,0.03730900,0.92650000,0.91713600
2023-12-31,2024-02-27,2024-02-28,annual,Financials,1074,1,164533681343.000000,0.14950900,1.06098700,1.03860300
2023-12-31,2024-02-27,2024-02-28,annual,Health Care,841,1,122350225814.000000,0.11117800,0.98914400,0.96161700
2023-12-31,2024-02-27,2024-02-28,annual,Industrials,1720,1,143901079208.000000,0.13076000,1.10948800,1.08289500
2023-12-31,2024-02-27,2024-02-28,annual,Materials,657,1,43909541709.000000,0.03990000,1.04614900,1.02127900
2023-12-31,2024-02-27,2024-02-28,annual,Real Estate,645,1,60504186632.000000,0.05497900,1.32110100,1.30869800
2023-12-31,2024-02-27,2024-02-28,annual,Technology,1083,1,245074415242.000000,0.22269500,1.09532800,1.05287200
2023-12-31,2024-02-27,2024-02-28,annual,Utilities,275,1,25857879755.000000,0.02349700,0.89356400,0.87832700
2024-06-30,2024-08-14,2024-08-15,half_year,Communication Services,214,1,36520374926.000000,0.03015400,0.96822400,0.94378500
2024-06-30,2024-08-14,2024-08-15,half_year,Consumer Discretionary,1518,1,163898773073.000000,0.13532800,0.98926900,0.95066500
2024-06-30,2024-08-14,2024-08-15,half_year,Consumer Staples,572,1,61277878148.000000,0.05059600,0.91145100,0.89379400
2024-06-30,2024-08-14,2024-08-15,half_year,Energy,216,1,43529138716.000000,0.03594100,0.87833300,0.87064800
2024-06-30,2024-08-14,2024-08-15,half_year,Financials,1072,1,180148871728.000000,0.14874500,1.04287300,1.02813400
2024-06-30,2024-08-14,2024-08-15,half_year,Health Care,827,1,133231936429.000000,0.11000700,0.96012100,0.93349500
2024-06-30,2024-08-14,2024-08-15,half_year,Industrials,1739,1,152190763018.000000,0.12566100,1.07776300,1.04997700
2024-06-30,2024-08-14,2024-08-15,half_year,Materials,647,1,42861984585.000000,0.03539000,1.03816100,1.01251900
2024-06-30,2024-08-14,2024-08-15,half_year,Real Estate,637,1,60066684119.000000,0.04959600,1.29617000,1.28686000
2024-06-30,2024-08-14,2024-08-15,half_year,Technology,1050,1,309384647602.000000,0.25545200,1.09271400,1.04796200
2024-06-30,2024-08-14,2024-08-15,half_year,Utilities,271,1,28013878662.000000,0.02313000,0.85760100,0.84774900
2024-12-31,2025-02-25,2025-02-26,annual,Communication Services,210,1,36805564927.000000,0.02862400,0.90176200,0.87676200
2024-12-31,2025-02-25,2025-02-26,annual,Consumer Discretionary,1472,1,183400008738.000000,0.14263000,1.00078100,0.96484400
2024-12-31,2025-02-25,2025-02-26,annual,Consumer Staples,572,1,59309363538.000000,0.04612500,0.92124100,0.90398600
2024-12-31,2025-02-25,2025-02-26,annual,Energy,211,1,40401420663.000000,0.03142000,0.91184800,0.90028400
2024-12-31,2025-02-25,2025-02-26,annual,Financials,1062,1,197686814418.000000,0.15374100,1.05715600,1.04149700
2024-12-31,2025-02-25,2025-02-26,annual,Health Care,812,1,126313700993.000000,0.09823400,0.94246300,0.91384200
2024-12-31,2025-02-25,2025-02-26,annual,Industrials,1735,1,162667017609.000000,0.12650600,1.10869700,1.08055900
2024-12-31,2025-02-25,2025-02-26,annual,Materials,628,1,39521759400.000000,0.03073600,1.05092400,1.01928300
2024-12-31,2025-02-25,2025-02-26,annual,Real Estate,634,1,62811616191.000000,0.04884900,1.30441600,1.29630900
2024-12-31,2025-02-25,2025-02-26,annual,Technology,1055,1,347235729038.000000,0.27004500,1.06320400,1.01318500
2024-12-31,2025-02-25,2025-02-26,annual,Utilities,268,1,29690044568.000000,0.02309000,0.90861900,0.89358200
2025-06-30,2025-08-12,2025-08-13,half_year,Communication Services,208,1,40141924524.000000,0.02892200,0.89879800,0.87264400
2025-06-30,2025-08-12,2025-08-13,half_year,Consumer Discretionary,1429,1,189147731898.000000,0.13628100,0.99181200,0.96150500
2025-06-30,2025-08-12,2025-08-13,half_year,Consumer Staples,559,1,61029989574.000000,0.04397200,0.87776400,0.86277300
2025-06-30,2025-08-12,2025-08-13,half_year,Energy,198,1,39869570700.000000,0.02872600,0.82484800,0.80843400
2025-06-30,2025-08-12,2025-08-13,half_year,Financials,1066,1,232057896710.000000,0.16719800,1.03035600,1.01531900
2025-06-30,2025-08-12,2025-08-13,half_year,Health Care,767,1,126094154938.000000,0.09085100,0.94704000,0.92213800
2025-06-30,2025-08-12,2025-08-13,half_year,Industrials,1672,1,181945791153.000000,0.13109200,1.05879200,1.03005400
2025-06-30,2025-08-12,2025-08-13,half_year,Materials,613,1,42573072149.000000,0.03067400,1.02093000,0.98052200
2025-06-30,2025-08-12,2025-08-13,half_year,Real Estate,601,1,64984792495.000000,0.04682200,1.30517500,1.29427600
2025-06-30,2025-08-12,2025-08-13,half_year,Technology,1007,1,376093487523.000000,0.27097500,1.04930500,1.00649500
2025-06-30,2025-08-12,2025-08-13,half_year,Utilities,254,1,33986212757.000000,0.02448700,0.86157500,0.85342500
2025-12-31,2026-02-27,2026-03-02,annual,Communication Services,180,1,44012389209.000000,0.02924000,0.90316700,0.85833300
2025-12-31,2026-02-27,2026-03-02,annual,Consumer Discretionary,1208,1,198921988450.000000,0.13215400,1.11250800,1.06887400
2025-12-31,2026-02-27,2026-03-02,annual,Consumer Staples,470,1,57743582981.000000,0.03836200,0.96055300,0.95048900
2025-12-31,2026-02-27,2026-03-02,annual,Energy,172,1,42406724401.000000,0.02817300,0.92720900,0.90418600
2025-12-31,2026-02-27,2026-03-02,annual,Financials,958,1,253592209658.000000,0.16847400,1.05783900,1.03940500
2025-12-31,2026-02-27,2026-03-02,annual,Health Care,669,1,139516303759.000000,0.09268800,1.02781800,1.00083700
2025-12-31,2026-02-27,2026-03-02,annual,Industrials,1397,1,190665287217.000000,0.12666900,1.14939200,1.11796700
2025-12-31,2026-02-27,2026-03-02,annual,Materials,557,1,51022401693.000000,0.03389700,1.10858200,1.08263900
2025-12-31,2026-02-27,2026-03-02,annual,Real Estate,508,1,63483893546.000000,0.04217600,1.51100400,1.49895700
2025-12-31,2026-02-27,2026-03-02,annual,Technology,850,1,427983102269.000000,0.28433100,1.12105900,1.06958800
2025-12-31,2026-02-27,2026-03-02,annual,Utilities,232,1,35881157574.000000,0.02383800,0.90612100,0.90512900
